cve,severity,package,installed_version,fixed_version_in_scan,images,image_package_records,assessment_status
CVE-2013-7445,HIGH,linux-libc-dev,6.12.107-1,,neo4j,1,open_technical_assessment_no_risk_acceptance
CVE-2019-19449,HIGH,linux-libc-dev,6.12.107-1,,neo4j,1,open_technical_assessment_no_risk_acceptance
CVE-2019-19814,HIGH,linux-libc-dev,6.12.107-1,,neo4j,1,open_technical_assessment_no_risk_acceptance
CVE-2021-3847,HIGH,linux-libc-dev,6.12.107-1,,neo4j,1,open_technical_assessment_no_risk_acceptance
CVE-2021-3864,HIGH,linux-libc-dev,6.12.107-1,,neo4j,1,open_technical_assessment_no_risk_acceptance
CVE-2024-21803,HIGH,linux-libc-dev,6.12.107-1,,neo4j,1,open_technical_assessment_no_risk_acceptance
CVE-2024-58015,HIGH,linux-libc-dev,6.12.107-1,,neo4j,1,open_technical_assessment_no_risk_acceptance
CVE-2025-22104,HIGH,linux-libc-dev,6.12.107-1,,neo4j,1,open_technical_assessment_no_risk_acceptance
CVE-2025-38137,HIGH,linux-libc-dev,6.12.107-1,,neo4j,1,open_technical_assessment_no_risk_acceptance
CVE-2025-38187,HIGH,linux-libc-dev,6.12.107-1,,neo4j,1,open_technical_assessment_no_risk_acceptance
CVE-2025-38204,HIGH,linux-libc-dev,6.12.107-1,,neo4j,1,open_technical_assessment_no_risk_acceptance
CVE-2025-38206,HIGH,linux-libc-dev,6.12.107-1,,neo4j,1,open_technical_assessment_no_risk_acceptance
CVE-2025-38421,HIGH,linux-libc-dev,6.12.107-1,,neo4j,1,open_technical_assessment_no_risk_acceptance
CVE-2025-38636,HIGH,linux-libc-dev,6.12.107-1,,neo4j,1,open_technical_assessment_no_risk_acceptance
CVE-2025-39859,HIGH,linux-libc-dev,6.12.107-1,,neo4j,1,open_technical_assessment_no_risk_acceptance
CVE-2025-39862,HIGH,linux-libc-dev,6.12.107-1,,neo4j,1,open_technical_assessment_no_risk_acceptance
CVE-2025-39958,HIGH,linux-libc-dev,6.12.107-1,,neo4j,1,open_technical_assessment_no_risk_acceptance
CVE-2025-40025,HIGH,linux-libc-dev,6.12.107-1,,neo4j,1,open_technical_assessment_no_risk_acceptance
CVE-2025-68174,HIGH,linux-libc-dev,6.12.107-1,,neo4j,1,open_technical_assessment_no_risk_acceptance
CVE-2025-68735,HIGH,linux-libc-dev,6.12.107-1,,neo4j,1,open_technical_assessment_no_risk_acceptance
CVE-2025-69720,HIGH,libncursesw6,6.5+20250216-2,,ha-sync;neo4j;query-api;semantic-enrichment;world-model-chat,5,open_technical_assessment_no_risk_acceptance
CVE-2025-69720,HIGH,libtinfo6,6.5+20250216-2,,ha-sync;neo4j;query-api;semantic-enrichment;world-model-chat,5,open_technical_assessment_no_risk_acceptance
CVE-2025-69720,HIGH,ncurses-base,6.5+20250216-2,,ha-sync;neo4j;query-api;semantic-enrichment;world-model-chat,5,open_technical_assessment_no_risk_acceptance
CVE-2025-69720,HIGH,ncurses-bin,6.5+20250216-2,,ha-sync;neo4j;query-api;semantic-enrichment;world-model-chat,5,open_technical_assessment_no_risk_acceptance
CVE-2026-16742,HIGH,libsystemd0,257.13-1~deb13u1,,ha-sync;neo4j;query-api;semantic-enrichment;world-model-chat,5,open_technical_assessment_no_risk_acceptance
CVE-2026-16742,HIGH,libudev1,257.13-1~deb13u1,,ha-sync;neo4j;query-api;semantic-enrichment;world-model-chat,5,open_technical_assessment_no_risk_acceptance
CVE-2026-23102,HIGH,linux-libc-dev,6.12.107-1,,neo4j,1,open_technical_assessment_no_risk_acceptance
CVE-2026-23208,HIGH,linux-libc-dev,6.12.107-1,,neo4j,1,open_technical_assessment_no_risk_acceptance
CVE-2026-23327,HIGH,linux-libc-dev,6.12.107-1,,neo4j,1,open_technical_assessment_no_risk_acceptance
CVE-2026-31493,HIGH,linux-libc-dev,6.12.107-1,,neo4j,1,open_technical_assessment_no_risk_acceptance
CVE-2026-31536,HIGH,linux-libc-dev,6.12.107-1,,neo4j,1,open_technical_assessment_no_risk_acceptance
CVE-2026-31568,HIGH,linux-libc-dev,6.12.107-1,,neo4j,1,open_technical_assessment_no_risk_acceptance
CVE-2026-43185,CRITICAL,linux-libc-dev,6.12.107-1,,neo4j,1,open_technical_assessment_no_risk_acceptance
CVE-2026-43198,HIGH,linux-libc-dev,6.12.107-1,,neo4j,1,open_technical_assessment_no_risk_acceptance
CVE-2026-43263,HIGH,linux-libc-dev,6.12.107-1,,neo4j,1,open_technical_assessment_no_risk_acceptance
CVE-2026-46130,HIGH,linux-libc-dev,6.12.107-1,,neo4j,1,open_technical_assessment_no_risk_acceptance
CVE-2026-46181,HIGH,linux-libc-dev,6.12.107-1,,neo4j,1,open_technical_assessment_no_risk_acceptance
CVE-2026-46279,HIGH,linux-libc-dev,6.12.107-1,,neo4j,1,open_technical_assessment_no_risk_acceptance
CVE-2026-52991,HIGH,linux-libc-dev,6.12.107-1,,neo4j,1,open_technical_assessment_no_risk_acceptance
CVE-2026-53000,HIGH,linux-libc-dev,6.12.107-1,,neo4j,1,open_technical_assessment_no_risk_acceptance
CVE-2026-53010,HIGH,linux-libc-dev,6.12.107-1,,neo4j,1,open_technical_assessment_no_risk_acceptance
CVE-2026-53089,HIGH,linux-libc-dev,6.12.107-1,,neo4j,1,open_technical_assessment_no_risk_acceptance
CVE-2026-53091,HIGH,linux-libc-dev,6.12.107-1,,neo4j,1,open_technical_assessment_no_risk_acceptance
CVE-2026-53109,HIGH,linux-libc-dev,6.12.107-1,,neo4j,1,open_technical_assessment_no_risk_acceptance
CVE-2026-53118,HIGH,linux-libc-dev,6.12.107-1,,neo4j,1,open_technical_assessment_no_risk_acceptance
CVE-2026-53277,HIGH,linux-libc-dev,6.12.107-1,,neo4j,1,open_technical_assessment_no_risk_acceptance
CVE-2026-53330,HIGH,linux-libc-dev,6.12.107-1,,neo4j,1,open_technical_assessment_no_risk_acceptance
CVE-2026-54369,HIGH,libacl1,2.3.2-2+b1,,ha-sync;neo4j;query-api;semantic-enrichment;world-model-chat,5,open_technical_assessment_no_risk_acceptance
CVE-2026-58471,HIGH,wget,1.25.0-2,,neo4j,1,open_technical_assessment_no_risk_acceptance
CVE-2026-58472,HIGH,wget,1.25.0-2,,neo4j,1,open_technical_assessment_no_risk_acceptance
CVE-2026-63879,HIGH,linux-libc-dev,6.12.107-1,,neo4j,1,open_technical_assessment_no_risk_acceptance
CVE-2026-64283,HIGH,linux-libc-dev,6.12.107-1,,neo4j,1,open_technical_assessment_no_risk_acceptance
CVE-2026-68409,HIGH,linux-libc-dev,6.12.107-1,,neo4j,1,open_technical_assessment_no_risk_acceptance
CVE-2026-68426,HIGH,linux-libc-dev,6.12.107-1,,neo4j,1,open_technical_assessment_no_risk_acceptance
CVE-2026-68470,HIGH,linux-libc-dev,6.12.107-1,,neo4j,1,open_technical_assessment_no_risk_acceptance
CVE-2026-72042,HIGH,linux-libc-dev,6.12.107-1,,neo4j,1,open_technical_assessment_no_risk_acceptance
CVE-2026-72098,HIGH,linux-libc-dev,6.12.107-1,,neo4j,1,open_technical_assessment_no_risk_acceptance
CVE-2026-72463,HIGH,linux-libc-dev,6.12.107-1,,neo4j,1,open_technical_assessment_no_risk_acceptance
CVE-2026-74268,HIGH,linux-libc-dev,6.12.107-1,,neo4j,1,open_technical_assessment_no_risk_acceptance
CVE-2026-74269,HIGH,linux-libc-dev,6.12.107-1,,neo4j,1,open_technical_assessment_no_risk_acceptance
CVE-2026-74520,HIGH,linux-libc-dev,6.12.107-1,,neo4j,1,open_technical_assessment_no_risk_acceptance
CVE-2026-74611,HIGH,linux-libc-dev,6.12.107-1,,neo4j,1,open_technical_assessment_no_risk_acceptance
CVE-2026-74752,HIGH,linux-libc-dev,6.12.107-1,,neo4j,1,open_technical_assessment_no_risk_acceptance
CVE-2026-74753,HIGH,linux-libc-dev,6.12.107-1,,neo4j,1,open_technical_assessment_no_risk_acceptance
CVE-2026-76642,HIGH,bsdutils,1:2.41.5-0+deb13u1,,ha-sync;neo4j;query-api;semantic-enrichment;world-model-chat,5,open_technical_assessment_no_risk_acceptance
CVE-2026-76642,HIGH,libblkid1,2.41.5-0+deb13u1,,ha-sync;neo4j;query-api;semantic-enrichment;world-model-chat,5,open_technical_assessment_no_risk_acceptance
CVE-2026-76642,HIGH,liblastlog2-2,2.41.5-0+deb13u1,,ha-sync;neo4j;query-api;semantic-enrichment;world-model-chat,5,open_technical_assessment_no_risk_acceptance
CVE-2026-76642,HIGH,libmount1,2.41.5-0+deb13u1,,ha-sync;neo4j;query-api;semantic-enrichment;world-model-chat,5,open_technical_assessment_no_risk_acceptance
CVE-2026-76642,HIGH,libsmartcols1,2.41.5-0+deb13u1,,ha-sync;neo4j;query-api;semantic-enrichment;world-model-chat,5,open_technical_assessment_no_risk_acceptance
CVE-2026-76642,HIGH,libuuid1,2.41.5-0+deb13u1,,ha-sync;neo4j;query-api;semantic-enrichment;world-model-chat,5,open_technical_assessment_no_risk_acceptance
CVE-2026-76642,HIGH,login,1:4.16.0-2+really2.41.5-0+deb13u1,,ha-sync;neo4j;query-api;semantic-enrichment;world-model-chat,5,open_technical_assessment_no_risk_acceptance
CVE-2026-76642,HIGH,mount,2.41.5-0+deb13u1,,ha-sync;neo4j;query-api;semantic-enrichment;world-model-chat,5,open_technical_assessment_no_risk_acceptance
CVE-2026-76642,HIGH,util-linux,2.41.5-0+deb13u1,,ha-sync;neo4j;query-api;semantic-enrichment;world-model-chat,5,open_technical_assessment_no_risk_acceptance
CVE-2026-78408,HIGH,bsdutils,1:2.41.5-0+deb13u1,,ha-sync;neo4j;query-api;semantic-enrichment;world-model-chat,5,open_technical_assessment_no_risk_acceptance
CVE-2026-78408,HIGH,libblkid1,2.41.5-0+deb13u1,,ha-sync;neo4j;query-api;semantic-enrichment;world-model-chat,5,open_technical_assessment_no_risk_acceptance
CVE-2026-78408,HIGH,liblastlog2-2,2.41.5-0+deb13u1,,ha-sync;neo4j;query-api;semantic-enrichment;world-model-chat,5,open_technical_assessment_no_risk_acceptance
CVE-2026-78408,HIGH,libmount1,2.41.5-0+deb13u1,,ha-sync;neo4j;query-api;semantic-enrichment;world-model-chat,5,open_technical_assessment_no_risk_acceptance
CVE-2026-78408,HIGH,libsmartcols1,2.41.5-0+deb13u1,,ha-sync;neo4j;query-api;semantic-enrichment;world-model-chat,5,open_technical_assessment_no_risk_acceptance
CVE-2026-78408,HIGH,libuuid1,2.41.5-0+deb13u1,,ha-sync;neo4j;query-api;semantic-enrichment;world-model-chat,5,open_technical_assessment_no_risk_acceptance
CVE-2026-78408,HIGH,login,1:4.16.0-2+really2.41.5-0+deb13u1,,ha-sync;neo4j;query-api;semantic-enrichment;world-model-chat,5,open_technical_assessment_no_risk_acceptance
CVE-2026-78408,HIGH,mount,2.41.5-0+deb13u1,,ha-sync;neo4j;query-api;semantic-enrichment;world-model-chat,5,open_technical_assessment_no_risk_acceptance
CVE-2026-78408,HIGH,util-linux,2.41.5-0+deb13u1,,ha-sync;neo4j;query-api;semantic-enrichment;world-model-chat,5,open_technical_assessment_no_risk_acceptance
CVE-2026-78409,HIGH,bsdutils,1:2.41.5-0+deb13u1,,ha-sync;neo4j;query-api;semantic-enrichment;world-model-chat,5,open_technical_assessment_no_risk_acceptance
CVE-2026-78409,HIGH,libblkid1,2.41.5-0+deb13u1,,ha-sync;neo4j;query-api;semantic-enrichment;world-model-chat,5,open_technical_assessment_no_risk_acceptance
CVE-2026-78409,HIGH,liblastlog2-2,2.41.5-0+deb13u1,,ha-sync;neo4j;query-api;semantic-enrichment;world-model-chat,5,open_technical_assessment_no_risk_acceptance
CVE-2026-78409,HIGH,libmount1,2.41.5-0+deb13u1,,ha-sync;neo4j;query-api;semantic-enrichment;world-model-chat,5,open_technical_assessment_no_risk_acceptance
CVE-2026-78409,HIGH,libsmartcols1,2.41.5-0+deb13u1,,ha-sync;neo4j;query-api;semantic-enrichment;world-model-chat,5,open_technical_assessment_no_risk_acceptance
CVE-2026-78409,HIGH,libuuid1,2.41.5-0+deb13u1,,ha-sync;neo4j;query-api;semantic-enrichment;world-model-chat,5,open_technical_assessment_no_risk_acceptance
CVE-2026-78409,HIGH,login,1:4.16.0-2+really2.41.5-0+deb13u1,,ha-sync;neo4j;query-api;semantic-enrichment;world-model-chat,5,open_technical_assessment_no_risk_acceptance
CVE-2026-78409,HIGH,mount,2.41.5-0+deb13u1,,ha-sync;neo4j;query-api;semantic-enrichment;world-model-chat,5,open_technical_assessment_no_risk_acceptance
CVE-2026-78409,HIGH,util-linux,2.41.5-0+deb13u1,,ha-sync;neo4j;query-api;semantic-enrichment;world-model-chat,5,open_technical_assessment_no_risk_acceptance
CVE-2026-78410,HIGH,bsdutils,1:2.41.5-0+deb13u1,,ha-sync;neo4j;query-api;semantic-enrichment;world-model-chat,5,open_technical_assessment_no_risk_acceptance
CVE-2026-78410,HIGH,libblkid1,2.41.5-0+deb13u1,,ha-sync;neo4j;query-api;semantic-enrichment;world-model-chat,5,open_technical_assessment_no_risk_acceptance
CVE-2026-78410,HIGH,liblastlog2-2,2.41.5-0+deb13u1,,ha-sync;neo4j;query-api;semantic-enrichment;world-model-chat,5,open_technical_assessment_no_risk_acceptance
CVE-2026-78410,HIGH,libmount1,2.41.5-0+deb13u1,,ha-sync;neo4j;query-api;semantic-enrichment;world-model-chat,5,open_technical_assessment_no_risk_acceptance
CVE-2026-78410,HIGH,libsmartcols1,2.41.5-0+deb13u1,,ha-sync;neo4j;query-api;semantic-enrichment;world-model-chat,5,open_technical_assessment_no_risk_acceptance
CVE-2026-78410,HIGH,libuuid1,2.41.5-0+deb13u1,,ha-sync;neo4j;query-api;semantic-enrichment;world-model-chat,5,open_technical_assessment_no_risk_acceptance
CVE-2026-78410,HIGH,login,1:4.16.0-2+really2.41.5-0+deb13u1,,ha-sync;neo4j;query-api;semantic-enrichment;world-model-chat,5,open_technical_assessment_no_risk_acceptance
CVE-2026-78410,HIGH,mount,2.41.5-0+deb13u1,,ha-sync;neo4j;query-api;semantic-enrichment;world-model-chat,5,open_technical_assessment_no_risk_acceptance
CVE-2026-78410,HIGH,util-linux,2.41.5-0+deb13u1,,ha-sync;neo4j;query-api;semantic-enrichment;world-model-chat,5,open_technical_assessment_no_risk_acceptance
CVE-2026-80951,HIGH,linux-libc-dev,6.12.107-1,,neo4j,1,open_technical_assessment_no_risk_acceptance
CVE-2026-89471,HIGH,linux-libc-dev,6.12.107-1,,neo4j,1,open_technical_assessment_no_risk_acceptance
CVE-2026-89477,HIGH,linux-libc-dev,6.12.107-1,,neo4j,1,open_technical_assessment_no_risk_acceptance
CVE-2026-89479,HIGH,linux-libc-dev,6.12.107-1,,neo4j,1,open_technical_assessment_no_risk_acceptance
CVE-2026-89487,HIGH,linux-libc-dev,6.12.107-1,,neo4j,1,open_technical_assessment_no_risk_acceptance
CVE-2026-89489,HIGH,linux-libc-dev,6.12.107-1,,neo4j,1,open_technical_assessment_no_risk_acceptance
CVE-2026-89495,HIGH,linux-libc-dev,6.12.107-1,,neo4j,1,open_technical_assessment_no_risk_acceptance
CVE-2026-89508,HIGH,linux-libc-dev,6.12.107-1,,neo4j,1,open_technical_assessment_no_risk_acceptance
CVE-2026-89511,HIGH,linux-libc-dev,6.12.107-1,,neo4j,1,open_technical_assessment_no_risk_acceptance
CVE-2026-89524,HIGH,linux-libc-dev,6.12.107-1,,neo4j,1,open_technical_assessment_no_risk_acceptance
CVE-2026-89526,HIGH,linux-libc-dev,6.12.107-1,,neo4j,1,open_technical_assessment_no_risk_acceptance
CVE-2026-89528,HIGH,linux-libc-dev,6.12.107-1,,neo4j,1,open_technical_assessment_no_risk_acceptance
CVE-2026-89530,HIGH,linux-libc-dev,6.12.107-1,,neo4j,1,open_technical_assessment_no_risk_acceptance
CVE-2026-89538,HIGH,linux-libc-dev,6.12.107-1,,neo4j,1,open_technical_assessment_no_risk_acceptance
CVE-2026-89541,HIGH,linux-libc-dev,6.12.107-1,,neo4j,1,open_technical_assessment_no_risk_acceptance
CVE-2026-89542,HIGH,linux-libc-dev,6.12.107-1,,neo4j,1,open_technical_assessment_no_risk_acceptance
CVE-2026-89545,HIGH,linux-libc-dev,6.12.107-1,,neo4j,1,open_technical_assessment_no_risk_acceptance
CVE-2026-89550,HIGH,linux-libc-dev,6.12.107-1,,neo4j,1,open_technical_assessment_no_risk_acceptance
CVE-2026-89551,HIGH,linux-libc-dev,6.12.107-1,,neo4j,1,open_technical_assessment_no_risk_acceptance
CVE-2026-89564,HIGH,linux-libc-dev,6.12.107-1,,neo4j,1,open_technical_assessment_no_risk_acceptance
CVE-2026-89569,HIGH,linux-libc-dev,6.12.107-1,,neo4j,1,open_technical_assessment_no_risk_acceptance
CVE-2026-89579,HIGH,linux-libc-dev,6.12.107-1,,neo4j,1,open_technical_assessment_no_risk_acceptance
CVE-2026-89582,HIGH,linux-libc-dev,6.12.107-1,,neo4j,1,open_technical_assessment_no_risk_acceptance
CVE-2026-89596,HIGH,linux-libc-dev,6.12.107-1,,neo4j,1,open_technical_assessment_no_risk_acceptance
CVE-2026-89603,HIGH,linux-libc-dev,6.12.107-1,,neo4j,1,open_technical_assessment_no_risk_acceptance
CVE-2026-89607,HIGH,linux-libc-dev,6.12.107-1,,neo4j,1,open_technical_assessment_no_risk_acceptance
CVE-2026-89617,HIGH,linux-libc-dev,6.12.107-1,,neo4j,1,open_technical_assessment_no_risk_acceptance
CVE-2026-89633,HIGH,linux-libc-dev,6.12.107-1,,neo4j,1,open_technical_assessment_no_risk_acceptance
CVE-2026-89636,HIGH,linux-libc-dev,6.12.107-1,,neo4j,1,open_technical_assessment_no_risk_acceptance
CVE-2026-89637,HIGH,linux-libc-dev,6.12.107-1,,neo4j,1,open_technical_assessment_no_risk_acceptance
CVE-2026-89638,HIGH,linux-libc-dev,6.12.107-1,,neo4j,1,open_technical_assessment_no_risk_acceptance
CVE-2026-89651,HIGH,linux-libc-dev,6.12.107-1,,neo4j,1,open_technical_assessment_no_risk_acceptance
CVE-2026-89652,HIGH,linux-libc-dev,6.12.107-1,,neo4j,1,open_technical_assessment_no_risk_acceptance
CVE-2026-89656,HIGH,linux-libc-dev,6.12.107-1,,neo4j,1,open_technical_assessment_no_risk_acceptance
CVE-2026-89657,HIGH,linux-libc-dev,6.12.107-1,,neo4j,1,open_technical_assessment_no_risk_acceptance
CVE-2026-89659,HIGH,linux-libc-dev,6.12.107-1,,neo4j,1,open_technical_assessment_no_risk_acceptance
CVE-2026-89660,HIGH,linux-libc-dev,6.12.107-1,,neo4j,1,open_technical_assessment_no_risk_acceptance
CVE-2026-89663,HIGH,linux-libc-dev,6.12.107-1,,neo4j,1,open_technical_assessment_no_risk_acceptance
CVE-2026-89669,HIGH,linux-libc-dev,6.12.107-1,,neo4j,1,open_technical_assessment_no_risk_acceptance
CVE-2026-89674,HIGH,linux-libc-dev,6.12.107-1,,neo4j,1,open_technical_assessment_no_risk_acceptance
CVE-2026-89675,HIGH,linux-libc-dev,6.12.107-1,,neo4j,1,open_technical_assessment_no_risk_acceptance
CVE-2026-89686,HIGH,linux-libc-dev,6.12.107-1,,neo4j,1,open_technical_assessment_no_risk_acceptance
CVE-2026-89688,HIGH,linux-libc-dev,6.12.107-1,,neo4j,1,open_technical_assessment_no_risk_acceptance
CVE-2026-89690,HIGH,linux-libc-dev,6.12.107-1,,neo4j,1,open_technical_assessment_no_risk_acceptance
CVE-2026-89691,HIGH,linux-libc-dev,6.12.107-1,,neo4j,1,open_technical_assessment_no_risk_acceptance
CVE-2026-89694,HIGH,linux-libc-dev,6.12.107-1,,neo4j,1,open_technical_assessment_no_risk_acceptance
CVE-2026-89696,HIGH,linux-libc-dev,6.12.107-1,,neo4j,1,open_technical_assessment_no_risk_acceptance
CVE-2026-89698,HIGH,linux-libc-dev,6.12.107-1,,neo4j,1,open_technical_assessment_no_risk_acceptance
CVE-2026-89700,HIGH,linux-libc-dev,6.12.107-1,,neo4j,1,open_technical_assessment_no_risk_acceptance
CVE-2026-89704,HIGH,linux-libc-dev,6.12.107-1,,neo4j,1,open_technical_assessment_no_risk_acceptance
CVE-2026-89706,HIGH,linux-libc-dev,6.12.107-1,,neo4j,1,open_technical_assessment_no_risk_acceptance
CVE-2026-89708,HIGH,linux-libc-dev,6.12.107-1,,neo4j,1,open_technical_assessment_no_risk_acceptance
CVE-2026-89709,HIGH,linux-libc-dev,6.12.107-1,,neo4j,1,open_technical_assessment_no_risk_acceptance
CVE-2026-89712,HIGH,linux-libc-dev,6.12.107-1,,neo4j,1,open_technical_assessment_no_risk_acceptance
CVE-2026-89736,HIGH,linux-libc-dev,6.12.107-1,,neo4j,1,open_technical_assessment_no_risk_acceptance
CVE-2026-89761,HIGH,linux-libc-dev,6.12.107-1,,neo4j,1,open_technical_assessment_no_risk_acceptance
CVE-2026-9538,HIGH,perl-base,5.40.1-6+deb13u1,,ha-sync;neo4j;query-api;semantic-enrichment;world-model-chat,5,open_technical_assessment_no_risk_acceptance
